  Natural Resources Canada,Geological Survey of Canada,Geoscience Data Repository,BASIN Database
Date: January 18,2021,12:24 pm AST

Well Name,Basin,Subbasin,Latitude (NAD27),Longitude (NAD27),Northing (NAD27),Easting (NAD27),Latitude (NAD83),Longitude (NAD83),Northing (NAD83),Easting (NAD83),Zone (UTM)
ADOLPHUS 2K-41,JEANNE D'ARC BASIN,,47.01126,-48.36847,5209558,700023,47.011172,-48.367369,5209769,700101,22
ADOLPHUS D-50,JEANNE D'ARC BASIN,,46.98418,-48.37468,5206533,699652,46.984089,-48.373589,5206744,699729,22
ADOLPHUS K-41,JEANNE D'ARC BASIN,,47.01089,-48.36786,5209518,700071,47.0108,-48.366764,5209730,700148,22
AMETHYST F-20,JEANNE D'ARC BASIN,,46.65653,-48.04111,5171031,726390,46.656439,-48.040022,5171243,726467,22
ARCHER K-19,JEANNE D'ARC BASIN,,46.64532,-48.03845,5169794,726640,46.645231,-48.037353,5170005,726718,22
ASTER C-93A,FLEMISH PASS BASIN,,,,,,46.869431,-47.236328,5193083,329571,23
AVONDALE A-46,JEANNE D'ARC BASIN,,46.58579,-48.6051,5161704,683479,46.585706,-48.604022,5161915,683556,22
BACCALIEU F-89,FLEMISH PASS BASIN,,,,,,47.973508,-46.214525,5314069,409356,23
BACCALIEU I-78,FLEMISH PASS BASIN,,47.96167,-46.18079,5312496,411851,47.961525,-46.179656,5312697,411938,23
BALLICATTERS M-96,JEANNE D'ARC BASIN,,46.763175,-48.498922,5181667,690987,46.763084,-48.497836,5181877,691064,22
BALLICATTERS M-96Z,JEANNE D'ARC BASIN,,46.763175,-48.498922,5181667,690987,46.763084,-48.497836,5181877,691064,22
BAY D'ESPOIR B-09,FLEMISH PASS BASIN,,,,,,47.969406,-46.505525,5313997,387630,23
BAY DE LOUP M-62,FLEMISH PASS BASIN,,,,,,47.863528,-46.422061,5302111,393642,23
BAY DE VERDE F-67,FLEMISH PASS BASIN,,,,,,47.938606,-46.411678,5310441,394571,23
BAY DE VERDE F-67Z,FLEMISH PASS BASIN,,,,,,47.938606,-46.411678,5310441,394571,23
BAY DU NORD C-78,FLEMISH PASS BASIN,,,,,,47.950067,-46.441297,5311756,392383,23
BAY DU NORD C-78Z,FLEMISH PASS BASIN,,,,,,47.950067,-46.441297,5311756,392383,23
BAY DU NORD L-76,FLEMISH PASS BASIN,,,,,,47.928872,-46.445175,5309405,392049,23
BAY DU NORD L-76Z,FLEMISH PASS BASIN,,,,,,47.928872,-46.445183,5309405,392049,23
BAY DU NORD P-78,FLEMISH PASS BASIN,,,,,,47.962983,-46.430269,5313176,393233,23
BEN NEVIS I-45,JEANNE D'ARC BASIN,,46.57771,-48.35273,5161425,702843,46.577614,-48.351647,5161635,702920,22
BEN NEVIS L-55,JEANNE D'ARC BASIN,,46.575502,-48.396688,5161067,699483,46.575411,-48.395603,5161278,699560,22
BEOTHUK M-05,JEANNE D'ARC BASIN,,46.413486,-48.520569,5142759,690556,46.413397,-48.519492,5142970,690633,22
BITTERN M-62,HORSESHOE BASIN,,44.69885,-51.17064,4949295,486480,44.698847,-51.169542,4949511,486568,22
BONANZA M-71,JEANNE D'ARC BASIN,,47.51321,-48.1987,5265783,710922,47.513108,-48.197597,5265993,710999,22
BONNE BAY C-73,JEANNE D'ARC BASIN,,46.53632,-48.19181,5157252,715336,46.536225,-48.190719,5157463,715414,22
BONNITION H-32,CARSON BASIN,,45.85744,-48.32549,5081469,707629,45.857372,-48.324394,5081682,707708,22
BOTWOOD G-89,JEANNE D'ARC BASIN,,,,,,46.807936,-48.453467,5186970,694290,22
BRANT P-87,SCOTIAN BASIN,SOUTH WHALE SUBBASIN,44.28331,-52.70541,4904538,363918,44.283317,-52.704314,4904753,364010,22
BRENT'S COVE I-30,JEANNE D'ARC BASIN,,46.491975,-48.551684,5151406,687894,46.491886,-48.550606,5151617,687972,22
CAMBRIOL G-92,FLEMISH PASS BASIN,,,,,,47.855001,-46.984884,5302092,351525,23
CAPE RACE N-68,JEANNE D'ARC BASIN,,,,,,46.629253,-48.412744,5167217,698050,22
CAPPAHAYDEN K-67,FLEMISH PASS BASIN,,,,,,47.943359,-46.665012,5311346,375663,23
CAPPAHAYDEN K-67Z,FLEMISH PASS BASIN,,,,,,47.943359,-46.665012,5311346,375663,23
CAREY J-34,WHALE BASIN,,45.39234,-52.58408,5027539,376002,45.392344,-52.583106,5027755,376082,22
CONQUEST K-09,JEANNE D'ARC BASIN,,47.14297,-48.26252,5224470,707563,47.142872,-48.261422,5224680,707640,22
COOT K-56,WHALE BASIN,,45.76153,-52.14226,5067969,411170,45.761522,-52.141289,5068185,411249,22
CORMORANT N-83,JEANNE D'ARC BASIN,,46.04595,-48.96724,5100944,657275,46.045878,-48.966175,5101156,657352,22
DOMINION O-23,JEANNE D'ARC BASIN,,47.38032,-48.30775,5250725,703223,47.380222,-48.306647,5250936,703300,22
EAST RANKIN H-21,JEANNE D'ARC BASIN,,46.50742,-48.80276,5152555,668578,46.507339,-48.801689,5152767,668656,22
EGRET K-36,JEANNE D'ARC BASIN,,46.42719,-48.83955,5143563,666000,46.427103,-48.838481,5143773,666077,22
EGRET N-46,JEANNE D'ARC BASIN,,46.43226,-48.86315,5144077,664171,46.432175,-48.862083,5144288,664248,22
EIDER M-75,WHALE BASIN,,45.58194,-51.94487,5047816,426285,45.581894,-51.943803,5048028,426371,22
EMERILLON C-56,SCOTIAN BASIN,SOUTH WHALE SUBBASIN,45.25133,-54.38802,5013972,704968,45.251331,-54.387069,5014192,705036,21
FEDERATION K-87,JEANNE D'ARC BASIN,,,,,,46.445267,-48.212086,5147299,714132,22
FIDDLEHEAD D-83,JEANNE D'ARC BASIN,,,,,,46.368965,-48.470399,5138153,694564,22
FLYING FOAM I-13,JEANNE D'ARC BASIN,,47.04499,-48.77527,5212347,668997,47.0449,-48.774189,5212558,669074,22
FORTUNE G-57,JEANNE D'ARC BASIN,,46.60525,-48.13395,5165071,719494,46.605156,-48.132856,5165282,719572,22
GABRIEL C-60,FLEMISH PASS BASIN,,47.31912,-46.89156,5242144,357049,47.319008,-46.890431,5242348,357139,23
GAMBO N-70,JEANNE D'ARC BASIN,,46.33137,-48.66523,5133297,679708,46.331281,-48.664158,5133508,679785,22
GANNET O-54,WHALE BASIN (BEAR RIDGE),,45.06515,-52.63603,4991272,371198,45.065158,-52.635019,4991489,371282,22
GLENWOOD H-69,JEANNE D'ARC BASIN,,46.973728,-48.152526,5205962,716588,46.973633,-48.151426,5206173,716665,22
GOLCONDA C-64,OUTER RIDGE COMPLEX,,46.88655,-47.66572,5195789,296907,46.886456,-47.664611,5195994,296997,23
GRAND BANKS COREHOLE #01,SCOTIAN BASIN?,BURIN PLATFORM?,45.1311,-53.4911,5000316,304106,45.1311,-53.4903,5000531,304175,22
GRAND BANKS COREHOLE #02,BEAR RIDGE?,,45.1339,-52.6494,4998931,370301,45.1339,-52.6483,4999147,370392,22
GRAND BANKS COREHOLE #03A,BONAVISTA PLATFORM?,,45.7086,-53.3094,5064048,320237,45.7086,-53.3086,5064264,320305,22
GRAND BANKS COREHOLE #03B,BONAVISTA PLATFORM?,,45.7086,-53.3094,5064048,320237,45.7086,-53.3086,5064264,320305,22
GRAND BANKS COREHOLE #04,WHALE BASIN,,45.5292,-52.3667,5042431,393276,45.5292,-52.3658,5042648,393350,22
GRAND BANKS COREHOLE #05A,BONAVISTA PLATFORM?,,45.625,-52.1917,5052857,407100,45.625,-52.1906,5053073,407188,22
GRAND BANKS COREHOLE #05C,BONAVISTA PLATFORM?,,45.625,-52.1917,5052857,407100,45.625,-52.1906,5053073,407188,22
GRAND BANKS COREHOLE #07,WHALE BASIN,,45.4078,-51.9442,5028469,426110,45.4078,-51.9431,5028686,426198,22
GRAND BANKS COREHOLE #09,SCOTIAN BASIN,SOUTH WHALE SUBBASIN,44.5953,-53.4381,4940670,306486,44.5953,-53.4369,4940884,306587,22
GRAND BANKS COREHOLE #10,BONAVISTA PLATFORM?,,46.23,-52.18,5120061,409007,46.23,-52.18,5120279,409009,22
GRAND BANKS COREHOLE #13,AVALON UPLIFT,SOUTH BANK HIGH,43.9597,-50.2472,4867456,560398,43.9597,-50.2461,4867673,560484,22
GRAND BANKS COREHOLE #15,HORSESHOE BASIN?,,45.4631,-50.0889,5034583,571230,45.4631,-50.0878,5034802,571314,22
GRAND BANKS COREHOLE #16,JEANNE D'ARC BASIN?,,46.25,-49.05,5123455,650315,46.25,-49.05,5123673,650310,22
GRAND BANKS COREHOLE #17,SCOTIAN BASIN,SOUTH WHALE SUBBASIN,44.1517,-52.39,4889445,388839,44.1517,-52.39,4889661,388842,22
GRAND BANKS COREHOLE #18,HORSESHOE BASIN?,,44.58,-51.72,4936331,442838,44.58,-51.72,4936548,442840,22
GRAND BANKS COREHOLE #20,WHALE BASIN?,,45.4061,-51.2294,5027873,482047,45.4061,-51.2283,5028090,482134,22
GRAND BANKS COREHOLE #21,WHALE BASIN,,45.6442,-51.2061,5054320,483939,45.6442,-51.2053,5054537,484002,22
GRAND BANKS COREHOLE #22,WHALE BASIN,,45.7383,-51.2253,5064778,482472,45.7383,-51.2242,5064996,482558,22
GRAND BANKS COREHOLE #22A,WHALE BASIN,,45.7383,-51.2253,5064778,482472,45.7383,-51.2242,5064996,482558,22
GRAND BANKS COREHOLE #22C,WHALE BASIN,,45.7383,-51.2253,5064778,482472,45.7383,-51.2242,5064996,482558,22
GRAND BANKS COREHOLE #23,BONAVISTA PLATFORM?,,45.63,-53.55,5055884,301231,45.63,-53.55,5056102,301237,22
GRAND BANKS COREHOLE #25,SCOTIAN BASIN,SOUTH WHALE SUBBASIN,44.37,-53.45,4915672,304791,44.37,-53.45,4915889,304797,22
GRAND BANKS COREHOLE #27,SCOTIAN BASIN,SOUTH WHALE SUBBASIN,43.93,-52.62,4865158,369961,43.93,-52.62,4865374,369965,22
GRAND FALLS H-09,WHALE BASIN,,45.47194,-52.00083,5035649,421767,45.471906,-51.999767,5035861,421853,22
GROS MORNE C-17,JEANNE D'ARC BASIN,,,,,,46.603881,-48.040283,5165402,726666,22
GULL F-72,SCOTIAN BASIN,SOUTH WHALE SUBBASIN,44.19033,-52.44231,4893808,384731,44.190344,-52.4412,4894024,384823,22
HAMPDEN K-41,FLEMISH PASS BASIN,,,,,,47.008656,-46.86407,5207812,358308,23
HARP L-42A,FLEMISH PASS BASIN,,,,,,47.528269,-47.372478,5266599,321421,23
HEBRON D-94,JEANNE D'ARC BASIN,,46.550287,-48.497134,5158016,691875,46.550197,-48.496053,5158227,691952,22
HEBRON I-13,JEANNE D'ARC BASIN,,46.54276,-48.5293,5157102,689435,46.542675,-48.528217,5157314,689513,22
HEBRON L-93 1,JEANNE D'ARC BASIN,,,,,,46.544014,-48.497989,5157535,691826,22
HEBRON L-93 10,JEANNE D'ARC BASIN,,,,,,46.543953,-48.49795,5157529,691829,22
HEBRON L-93 11,JEANNE D'ARC BASIN,,,,,,46.544186,-48.498158,5157554,691812,22
HEBRON L-93 12,JEANNE D'ARC BASIN,,,,,,46.544053,-48.498114,5157539,691816,22
HEBRON L-93 13,JEANNE D'ARC BASIN,,,,,,46.544011,-48.498089,5157535,691818,22
HEBRON L-93 14,JEANNE D'ARC BASIN,,,,,,46.543997,-48.498047,5157533,691821,22
HEBRON L-93 15,JEANNE D'ARC BASIN,,,,,,46.544031,-48.481436,5157578,693095,22
HEBRON L-93 16,JEANNE D'ARC BASIN,,,,,,46.544142,-48.498064,5157549,691820,22
HEBRON L-93 17,JEANNE D'ARC BASIN,,,,,,46.543969,-48.498064,5157530,691820,22
HEBRON L-93 18,JEANNE D'ARC BASIN,,,,,,46.544072,-48.498128,5157541,691815,22
HEBRON L-93 19,JEANNE D'ARC BASIN,,,,,,46.543928,-48.498042,5157526,691822,22
HEBRON L-93 2,JEANNE D'ARC BASIN,,,,,,46.544014,-48.497989,5157535,691826,22
HEBRON L-93 20,JEANNE D'ARC BASIN,,,,,,46.544119,-48.49805,5157547,691821,22
HEBRON L-93 21,JEANNE D'ARC BASIN,,,,,,46.544017,-48.497986,5157536,691826,22
HEBRON L-93 22,JEANNE D'ARC BASIN,,,,,,46.544091,-48.498068,5157544,691820,22
HEBRON L-93 23,JEANNE D'ARC BASIN,,,,,,46.543949,-48.498054,5157528,691821,22
HEBRON L-93 3,JEANNE D'ARC BASIN,,,,,,46.544017,-48.498061,5157536,691820,22
HEBRON L-93 4,JEANNE D'ARC BASIN,,,,,,46.544061,-48.498083,5157540,691818,22
HEBRON L-93 4Z,JEANNE D'ARC BASIN,,,,,,46.544061,-48.498083,5157540,691818,22
HEBRON L-93 5,JEANNE D'ARC BASIN,,,,,,46.544181,-48.498086,5157554,691818,22
HEBRON L-93 6,JEANNE D'ARC BASIN,,,,,,46.544097,-48.498036,5157544,691822,22
HEBRON L-93 7,JEANNE D'ARC BASIN,,,,,,46.544081,-48.498097,5157543,691817,22
HEBRON L-93 8,JEANNE D'ARC BASIN,,,,,,46.544036,-48.498,5157538,691825,22
HEBRON L-93 9,JEANNE D'ARC BASIN,,,,,,46.544094,-48.498139,5157544,691814,22
HEBRON M-04,JEANNE D'ARC BASIN,,46.562784,-48.5246,5159338,689726,46.562694,-48.523519,5159549,689803,22
HERMINE E-94,SCOTIAN BASIN,BURIN PLATFORM,45.39147,-54.49853,5029266,695812,45.391464,-54.497592,5029485,695880,21
HERON H-73,SCOTIAN BASIN,SOUTH WHALE SUBBASIN,44.04074,-52.42794,4877173,385591,44.040761,-52.426828,4877390,385683,22
HERON J-72,SCOTIAN BASIN,SOUTH WHALE SUBBASIN,44.02604,-52.43573,4875551,384938,44.026064,-52.434614,4875768,385031,22
HIBERNIA B-08,JEANNE D'ARC BASIN,,46.7851,-48.7583,5183505,671111,46.785011,-48.757219,5183716,671189,22
HIBERNIA B-16 1,JEANNE D'ARC BASIN,,46.750435,-48.782624,5179601,669363,46.750349,-48.781547,5179812,669441,22
HIBERNIA B-16 10,JEANNE D'ARC BASIN,,,,,,46.750349,-48.781455,5179812,669448,22
HIBERNIA B-16 10Y,JEANNE D'ARC BASIN,,46.750438,-48.782533,5179601,669370,46.750349,-48.781455,5179812,669448,22
HIBERNIA B-16 10Z,JEANNE D'ARC BASIN,,46.750438,-48.782533,5179601,669370,46.750349,-48.781455,5179812,669448,22
HIBERNIA B-16 11,JEANNE D'ARC BASIN,,46.750683,-48.782844,5179628,669346,46.750594,-48.781767,5179839,669423,22
HIBERNIA B-16 11Z,JEANNE D'ARC BASIN,,46.750683,-48.782844,5179628,669346,46.750594,-48.781767,5179839,669423,22
HIBERNIA B-16 12,JEANNE D'ARC BASIN,,,,,,46.750547,-48.781744,5179833,669425,22
HIBERNIA B-16 13,JEANNE D'ARC BASIN,,46.750713,-48.782891,5179631,669342,46.750625,-48.781814,5179842,669419,22
HIBERNIA B-16 13Z,JEANNE D'ARC BASIN,,46.750713,-48.782891,5179631,669342,46.750625,-48.781814,5179842,669419,22
HIBERNIA B-16 14,JEANNE D'ARC BASIN,,,,,,46.750349,-48.781501,5179812,669444,22
HIBERNIA B-16 14V,JEANNE D'ARC BASIN,,,,,,46.75035,-48.7815,5179812,669444,22
HIBERNIA B-16 14W,JEANNE D'ARC BASIN,,,,,,46.750349,-48.781501,5179812,669444,22
HIBERNIA B-16 14X,JEANNE D'ARC BASIN,,,,,,46.750349,-48.781501,5179812,669444,22
HIBERNIA B-16 14Y,JEANNE D'ARC BASIN,,,,,,46.750349,-48.781501,5179812,669444,22
HIBERNIA B-16 14Z,JEANNE D'ARC BASIN,,,,,,46.750349,-48.781501,5179812,669444,22
HIBERNIA B-16 15,JEANNE D'ARC BASIN,,,,,,46.750564,-48.781767,5179835,669423,22
HIBERNIA B-16 15Y,JEANNE D'ARC BASIN,,,,,,46.750563,-48.781767,5179835,669423,22
HIBERNIA B-16 15Z,JEANNE D'ARC BASIN,,,,,,46.750563,-48.781767,5179835,669423,22
HIBERNIA B-16 16,JEANNE D'ARC BASIN,,,,,,46.750546,-48.781837,5179833,669418,22
HIBERNIA B-16 16Z,JEANNE D'ARC BASIN,,46.750635,-48.782913,5179622,669341,46.750547,-48.781836,5179833,669418,22
HIBERNIA B-16 17,JEANNE D'ARC BASIN,,,,,,46.750396,-48.781617,5179817,669435,22
HIBERNIA B-16 17Z,JEANNE D'ARC BASIN,,,,,,46.750396,-48.781617,5179817,669435,22
HIBERNIA B-16 18,JEANNE D'ARC BASIN,,,,,,46.750333,-48.781478,5179810,669446,22
HIBERNIA B-16 19,JEANNE D'ARC BASIN,,,,,,46.750514,-48.781883,5179829,669414,22
HIBERNIA B-16 19Z,JEANNE D'ARC BASIN,,,,,,46.750514,-48.781883,5179829,669414,22
HIBERNIA B-16 2,JEANNE D'ARC BASIN,,46.750666,-48.782866,5179626,669344,46.750578,-48.78179,5179837,669421,22
HIBERNIA B-16 20,JEANNE D'ARC BASIN,,,,,,46.750531,-48.781813,5179831,669420,22
HIBERNIA B-16 20V,JEANNE D'ARC BASIN,,46.750619,-48.782891,5179621,669342,46.750531,-48.781814,5179831,669420,22
HIBERNIA B-16 20W,JEANNE D'ARC BASIN,,46.750619,-48.782891,5179621,669342,46.750531,-48.781814,5179831,669420,22
HIBERNIA B-16 20X,JEANNE D'ARC BASIN,,46.750619,-48.782891,5179621,669342,46.750531,-48.781814,5179831,669420,22
HIBERNIA B-16 20Y,JEANNE D'ARC BASIN,,,,,,46.750531,-48.781813,5179831,669420,22
HIBERNIA B-16 20Z,JEANNE D'ARC BASIN,,,,,,46.750531,-48.781813,5179831,669420,22
HIBERNIA B-16 21,JEANNE D'ARC BASIN,,,,,,46.750578,-48.781837,5179837,669418,22
HIBERNIA B-16 21X,JEANNE D'ARC BASIN,,,,,,46.750578,-48.781837,5179837,669418,22
HIBERNIA B-16 21Y,JEANNE D'ARC BASIN,,,,,,46.750578,-48.781836,5179837,669418,22
HIBERNIA B-16 21Z,JEANNE D'ARC BASIN,,,,,,46.750578,-48.781837,5179837,669418,22
HIBERNIA B-16 22,JEANNE D'ARC BASIN,,,,,,46.750317,-48.781547,5179808,669441,22
HIBERNIA B-16 22Z,JEANNE D'ARC BASIN,,,,,,46.750317,-48.781547,5179808,669441,22
HIBERNIA B-16 23,JEANNE D'ARC BASIN,,,,,,46.750578,-48.781883,5179837,669414,22
HIBERNIA B-16 24,JEANNE D'ARC BASIN,,,,,,46.75035,-48.781594,5179812,669437,22
HIBERNIA B-16 24Z,JEANNE D'ARC BASIN,,,,,,46.75035,-48.781594,5179812,669437,22
HIBERNIA B-16 25,JEANNE D'ARC BASIN,,,,,,46.750499,-48.781859,5179828,669416,22
HIBERNIA B-16 25W,JEANNE D'ARC BASIN,,,,,,46.7505,-48.781858,5179828,669416,22
HIBERNIA B-16 25X,JEANNE D'ARC BASIN,,,,,,46.750499,-48.781859,5179828,669416,22
HIBERNIA B-16 25Y,JEANNE D'ARC BASIN,,,,,,46.750499,-48.781859,5179828,669416,22
HIBERNIA B-16 25Z,JEANNE D'ARC BASIN,,,,,,46.750499,-48.781859,5179828,669416,22
HIBERNIA B-16 26,JEANNE D'ARC BASIN,,,,,,46.750396,-48.781524,5179817,669442,22
HIBERNIA B-16 27,JEANNE D'ARC BASIN,,,,,,46.750594,-48.781814,5179838,669419,22
HIBERNIA B-16 28,JEANNE D'ARC BASIN,,,,,,46.750626,-48.78186,5179842,669416,22
HIBERNIA B-16 28Z,JEANNE D'ARC BASIN,,,,,,46.750625,-48.781861,5179842,669416,22
HIBERNIA B-16 29,JEANNE D'ARC BASIN,,,,,,46.750413,-48.781501,5179819,669444,22
HIBERNIA B-16 3,JEANNE D'ARC BASIN,,46.750633,-48.782958,5179622,669337,46.750546,-48.781883,5179833,669414,22
HIBERNIA B-16 30,JEANNE D'ARC BASIN,,,,,,46.750333,-48.781524,5179810,669442,22
HIBERNIA B-16 30Y,JEANNE D'ARC BASIN,,,,,,46.750331,-48.781522,5179810,669443,22
HIBERNIA B-16 30Z,JEANNE D'ARC BASIN,,,,,,46.750333,-48.781524,5179810,669442,22
HIBERNIA B-16 31,JEANNE D'ARC BASIN,,,,,,46.750515,-48.781836,5179830,669418,22
HIBERNIA B-16 32,JEANNE D'ARC BASIN,,,,,,46.750531,-48.781911,5179831,669412,22
HIBERNIA B-16 32Y,JEANNE D'ARC BASIN,,,,,,46.750531,-48.781906,5179831,669413,22
HIBERNIA B-16 32Z,JEANNE D'ARC BASIN,,,,,,46.750531,-48.781906,5179831,669413,22
HIBERNIA B-16 33,JEANNE D'ARC BASIN,,,,,,46.750531,-48.781767,5179832,669423,22
HIBERNIA B-16 34,JEANNE D'ARC BASIN,,,,,,46.750317,-48.781501,5179808,669444,22
HIBERNIA B-16 34Y,JEANNE D'ARC BASIN,,,,,,46.750317,-48.7815,5179808,669444,22
HIBERNIA B-16 34Z,JEANNE D'ARC BASIN,,,,,,46.750317,-48.7815,5179808,669444,22
HIBERNIA B-16 35,JEANNE D'ARC BASIN,,,,,,46.750561,-48.781861,5179835,669416,22
HIBERNIA B-16 35Z,JEANNE D'ARC BASIN,,,,,,46.750561,-48.781861,5179835,669416,22
HIBERNIA B-16 36,JEANNE D'ARC BASIN,,,,,,46.750364,-48.781525,5179813,669442,22
HIBERNIA B-16 36Z,JEANNE D'ARC BASIN,,,,,,46.750364,-48.781525,5179813,669442,22
HIBERNIA B-16 37,JEANNE D'ARC BASIN,,,,,,46.750301,-48.78157,5179806,669439,22
HIBERNIA B-16 37Z,JEANNE D'ARC BASIN,,,,,,46.750301,-48.78157,5179806,669439,22
HIBERNIA B-16 38,JEANNE D'ARC BASIN,,,,,,46.750381,-48.781548,5179815,669440,22
HIBERNIA B-16 39,JEANNE D'ARC BASIN,,,,,,46.750547,-48.78179,5179833,669421,22
HIBERNIA B-16 4,JEANNE D'ARC BASIN,,46.750469,-48.781501,5179607,669449,46.750381,-48.781501,5179815,669444,22
HIBERNIA B-16 40,JEANNE D'ARC BASIN,,,,,,46.75061,-48.781883,5179840,669414,22
HIBERNIA B-16 41,JEANNE D'ARC BASIN,,46.750649,-48.782983,5179624,669335,46.750561,-48.781906,5179835,669413,22
HIBERNIA B-16 41Z,JEANNE D'ARC BASIN,,46.750649,-48.782983,5179624,669335,46.750561,-48.781906,5179835,669413,22
HIBERNIA B-16 42,JEANNE D'ARC BASIN,,46.750619,-48.782936,5179620,669339,46.750531,-48.781858,5179831,669416,22
HIBERNIA B-16 42Z,JEANNE D'ARC BASIN,,46.750619,-48.782936,5179620,669339,46.750531,-48.781858,5179831,669416,22
HIBERNIA B-16 43,JEANNE D'ARC BASIN,,46.750699,-48.782869,5179629,669344,46.750611,-48.781792,5179840,669421,22
HIBERNIA B-16 44,JEANNE D'ARC BASIN,,46.750499,-48.782624,5179608,669363,46.750411,-48.781547,5179819,669440,22
HIBERNIA B-16 45,JEANNE D'ARC BASIN,,46.750683,-48.782936,5179628,669339,46.750594,-48.781858,5179838,669416,22
HIBERNIA B-16 45Z,JEANNE D'ARC BASIN,,46.750683,-48.782936,5179628,669339,46.750594,-48.781858,5179838,669416,22
HIBERNIA B-16 46,JEANNE D'ARC BASIN,,46.750421,-48.782647,5179599,669362,46.750333,-48.781569,5179810,669439,22
HIBERNIA B-16 47,JEANNE D'ARC BASIN,,46.750635,-48.783005,5179622,669334,46.750547,-48.781928,5179833,669411,22
HIBERNIA B-16 47Z,JEANNE D'ARC BASIN,,46.750635,-48.783005,5179622,669334,46.750547,-48.781928,5179833,669411,22
HIBERNIA B-16 48,JEANNE D'ARC BASIN,,46.750683,-48.782983,5179627,669335,46.750594,-48.781906,5179838,669412,22
HIBERNIA B-16 48Y,JEANNE D'ARC BASIN,,46.750683,-48.782983,5179627,669335,46.750594,-48.781906,5179838,669412,22
HIBERNIA B-16 48Z,JEANNE D'ARC BASIN,,46.750683,-48.782983,5179627,669335,46.750594,-48.781906,5179838,669412,22
HIBERNIA B-16 49,JEANNE D'ARC BASIN,,46.750452,-48.782647,5179603,669361,46.750364,-48.781569,5179813,669439,22
HIBERNIA B-16 49Y,JEANNE D'ARC BASIN,,46.750452,-48.782647,5179603,669361,46.750364,-48.781569,5179813,669439,22
HIBERNIA B-16 49Z,JEANNE D'ARC BASIN,,46.750452,-48.782647,5179603,669361,46.750364,-48.781569,5179813,669439,22
HIBERNIA B-16 4Y,JEANNE D'ARC BASIN,,46.750469,-48.782577,5179605,669367,46.750381,-48.7815,5179815,669444,22
HIBERNIA B-16 4Z,JEANNE D'ARC BASIN,,46.750469,-48.782577,5179605,669367,46.750381,-48.781501,5179815,669444,22
HIBERNIA B-16 5,JEANNE D'ARC BASIN,,46.750516,-48.782602,5179610,669365,46.750428,-48.781524,5179821,669442,22
HIBERNIA B-16 50,JEANNE D'ARC BASIN,,,,,,46.750317,-48.781594,5179808,669437,22
HIBERNIA B-16 51,JEANNE D'ARC BASIN,,46.750699,-48.782913,5179629,669340,46.750611,-48.781836,5179840,669418,22
HIBERNIA B-16 51Z,JEANNE D'ARC BASIN,,46.750699,-48.782913,5179629,669340,46.750611,-48.781836,5179840,669418,22
HIBERNIA B-16 52,JEANNE D'ARC BASIN,,46.750666,-48.783008,5179626,669333,46.750578,-48.781931,5179836,669411,22
HIBERNIA B-16 52Z,JEANNE D'ARC BASIN,,46.750666,-48.783008,5179626,669333,46.750578,-48.781931,5179836,669411,22
HIBERNIA B-16 53,JEANNE D'ARC BASIN,,46.750485,-48.782647,5179606,669361,46.750397,-48.781569,5179817,669439,22
HIBERNIA B-16 53Z,JEANNE D'ARC BASIN,,,,,,46.750394,-48.781569,5179817,669439,22
HIBERNIA B-16 54,JEANNE D'ARC BASIN,,46.750421,-48.782694,5179599,669358,46.750333,-48.781617,5179810,669435,22
HIBERNIA B-16 54V,JEANNE D'ARC BASIN,,,,,,46.750333,-48.781617,5179810,669435,22
HIBERNIA B-16 54W,JEANNE D'ARC BASIN,,,,,,46.750333,-48.781617,5179810,669435,22
HIBERNIA B-16 54X,JEANNE D'ARC BASIN,,,,,,46.750333,-48.781617,5179810,669435,22
HIBERNIA B-16 54Y,JEANNE D'ARC BASIN,,,,,,46.750333,-48.781617,5179810,669435,22
HIBERNIA B-16 55,JEANNE D'ARC BASIN,,,,,,46.750499,-48.781814,5179828,669420,22
HIBERNIA B-16 56,JEANNE D'ARC BASIN,,,,,,46.75035,-48.781639,5179812,669434,22
HIBERNIA B-16 57,JEANNE D'ARC BASIN,,,,,,46.750411,-48.781594,5179819,669437,22
HIBERNIA B-16 57X,JEANNE D'ARC BASIN,,,,,,46.750411,-48.781594,5179819,669437,22
HIBERNIA B-16 57Y,JEANNE D'ARC BASIN,,,,,,46.750411,-48.781594,5179819,669437,22
HIBERNIA B-16 57Z,JEANNE D'ARC BASIN,,,,,,46.750411,-48.781594,5179819,669437,22
HIBERNIA B-16 58,JEANNE D'ARC BASIN,,,,,,46.75038,-48.78164,5179815,669433,22
HIBERNIA B-16 58Y,JEANNE D'ARC BASIN,,,,,,46.750381,-48.781639,5179815,669433,22
HIBERNIA B-16 58Z,JEANNE D'ARC BASIN,,,,,,46.75038,-48.78164,5179815,669433,22
HIBERNIA B-16 59,JEANNE D'ARC BASIN,,,,,,46.750381,-48.781594,5179815,669437,22
HIBERNIA B-16 5Z,JEANNE D'ARC BASIN,,46.750516,-48.782602,5179610,669365,46.750428,-48.781524,5179821,669442,22
HIBERNIA B-16 6,JEANNE D'ARC BASIN,,46.750649,-48.782891,5179624,669342,46.750563,-48.781814,5179835,669420,22
HIBERNIA B-16 60,JEANNE D'ARC BASIN,,,,,,46.750365,-48.781478,5179814,669446,22
HIBERNIA B-16 61,JEANNE D'ARC BASIN,,,,,,46.750364,-48.781617,5179813,669435,22
HIBERNIA B-16 61Z,JEANNE D'ARC BASIN,,,,,,46.750364,-48.781617,5179813,669435,22
HIBERNIA B-16 62,JEANNE D'ARC BASIN,,,,,,46.750301,-48.781524,5179806,669443,22
HIBERNIA B-16 63,JEANNE D'ARC BASIN,,,,,,46.750428,-48.781569,5179821,669439,22
HIBERNIA B-16 63Z,JEANNE D'ARC BASIN,,,,,,46.750428,-48.764903,5179857,670712,22
HIBERNIA B-16 64,JEANNE D'ARC BASIN,,,,,,46.750396,-48.781524,5179817,669442,22
HIBERNIA B-16 7,JEANNE D'ARC BASIN,,46.750666,-48.782822,5179626,669347,46.750579,-48.781744,5179837,669425,22
HIBERNIA B-16 8,JEANNE D'ARC BASIN,,,,,,46.750397,-48.781478,5179817,669446,22
HIBERNIA B-16 9,JEANNE D'ARC BASIN,,46.750602,-48.782866,5179619,669344,46.750515,-48.78179,5179830,669422,22
HIBERNIA B-27,JEANNE D'ARC BASIN,,46.76978,-48.80787,5181696,667375,46.769692,-48.806794,5181907,667452,22
HIBERNIA B-44,JEANNE D'ARC BASIN,,46.71781,-48.858383,5175815,663676,46.717723,-48.857309,5176026,663753,22
HIBERNIA C-96,JEANNE D'ARC BASIN,,46.75283,-48.74327,5179952,672361,46.752744,-48.742192,5180163,672439,22
HIBERNIA G-55,JEANNE D'ARC BASIN,,46.73808,-48.88632,5178010,661480,46.737989,-48.885244,5178220,661558,22
HIBERNIA I-46,JEANNE D'ARC BASIN,,,,,,46.76065,-48.854189,5180802,663861,22
HIBERNIA J-34,JEANNE D'ARC BASIN,,46.72607,-48.83694,5176778,665289,46.725981,-48.835869,5176988,665366,22
HIBERNIA K-14,JEANNE D'ARC BASIN,,46.72773,-48.79338,5177055,668613,46.727642,-48.792306,5177266,668690,22
HIBERNIA K-18,JEANNE D'ARC BASIN,,46.79297,-48.78807,5184315,668814,46.792881,-48.786992,5184526,668892,22
HIBERNIA K-39,JEANNE D'ARC BASIN,,,,,,46.810978,-48.840547,5186423,664749,22
HIBERNIA K-39Z,JEANNE D'ARC BASIN,,,,,,46.810983,-48.840536,5186424,664750,22
HIBERNIA O-35,JEANNE D'ARC BASIN,,46.74859,-48.83159,5179291,665629,46.7485,-48.830519,5179502,665706,22
HIBERNIA P-02 1A,JEANNE D'ARC BASIN,,,,,,46.698453,-48.74985,5174114,672026,22
HIBERNIA P-02 1Z,JEANNE D'ARC BASIN,,,,,,46.698453,-48.74985,5174114,672026,22
HIBERNIA P-02 2,JEANNE D'ARC BASIN,,,,,,46.698411,-48.749706,5174110,672038,22
HIBERNIA P-02 2Z,JEANNE D'ARC BASIN,,,,,,46.698392,-48.749689,5174108,672039,22
HIBERNIA P-02 3,JEANNE D'ARC BASIN,,,,,,46.698231,-48.750203,5174089,672000,22
HIBERNIA P-02 4,JEANNE D'ARC BASIN,,,,,,46.698197,-48.750031,5174085,672013,22
HIBERNIA P-02 5,JEANNE D'ARC BASIN,,,,,,46.698509,-48.75006,5174120,672010,22
HIBERNIA P-02 6,JEANNE D'ARC BASIN,,,,,,46.698144,-48.749839,5174080,672028,22
HIBERNIA P-02 7,JEANNE D'ARC BASIN,,,,,,46.698058,-48.749525,5174071,672053,22
HIBERNIA P-02 8,JEANNE D'ARC BASIN,,,,,,46.698019,-48.749356,5174067,672066,22
HIBERNIA P-02 9,JEANNE D'ARC BASIN,,,,,,46.698325,-48.749381,5174101,672063,22
HIBERNIA P-15,JEANNE D'ARC BASIN,,46.74972,-48.78088,5179525,669499,46.749628,-48.779806,5179735,669576,22
JAEGER A-49,AVALON UPLIFT,SOUTH BANK HIGH,44.46709,-50.35018,4923742,551690,44.467106,-50.349069,4923961,551777,22
KING'S COVE A-26,JEANNE D'ARC BASIN,,46.41916,-48.55163,5143315,688149,46.419067,-48.55055,5143526,688227,22
KITTIWAKE P-11,SCOTIAN BASIN,SOUTH WHALE SUBBASIN,44.6804,-53.52935,4950343,299537,44.680431,-53.528369,4950561,299620,22
KYLE L-11,FLEMISH PASS BASIN,,,,,,47.010139,-47.0458,5208322,344499,23
LANCASTER G-70,OUTER RIDGE COMPLEX,,47.32298,-47.16246,5243106,336589,47.322872,-47.161325,5243310,336680,23
LEWIS HILL G-85,SCOTIAN BASIN,SOUTH WHALE SUBBASIN,44.571835,-52.956709,4937034,344632,44.571836,-52.955641,4937249,344721,22
MALLARD M-45,SCOTIAN BASIN,SOUTH WHALE SUBBASIN,44.24615,-52.12289,4899609,410344,44.246169,-52.121781,4899827,410435,22
MARA E-30,JEANNE D'ARC BASIN,,46.65823,-48.57446,5169825,685578,46.658142,-48.573378,5170036,685656,22
MARA M-54,JEANNE D'ARC BASIN,,46.72998,-48.64572,5177632,679888,46.729894,-48.644608,5177843,679967,22
MERCURY K-76,JEANNE D'ARC BASIN,,46.92628,-48.94291,5198807,656609,46.926197,-48.941836,5199019,656686,22
MERGANSER I-60,SCOTIAN BASIN,SOUTH WHALE SUBBASIN,44.8267,-52.38018,4964409,390890,44.826683,-52.379103,4964622,390978,22
MURRE G-67,JEANNE D'ARC BASIN,,46.10567,-49.16058,5107215,642163,46.105594,-49.159517,5107426,642241,22
NARWHAL F-99,SCOTIAN BASIN,SOUTH WHALE SUBBASIN,44.30611,-53.74309,4909316,281201,44.306161,-53.742097,4909535,281286,22
NAUTILUS C-92,JEANNE D'ARC BASIN,,46.85099,-48.73907,5190869,672368,46.850897,-48.737986,5191079,672446,22
NORTH AMETHYST E-17,JEANNE D'ARC BASIN,,,,,,46.771999,-48.047099,5184062,725443,22
NORTH AMETHYST E-18 12A,JEANNE D'ARC BASIN,,,,,,46.789222,-48.043806,5185986,725623,22
NORTH AMETHYST E-18 12Y,JEANNE D'ARC BASIN,,,,,,46.789242,-48.043802,5185988,725623,22
NORTH AMETHYST E-18 12Z,JEANNE D'ARC BASIN,,,,,,46.789242,-48.0438,5185988,725623,22
NORTH AMETHYST G-25 1,JEANNE D'ARC BASIN,,,,,,46.740469,-48.055961,5180534,724898,22
NORTH AMETHYST G-25 10,JEANNE D'ARC BASIN,,,,,,46.740422,-48.055794,5180529,724911,22
NORTH AMETHYST G-25 11,JEANNE D'ARC BASIN,,,,,,46.740358,-48.056561,5180520,724852,22
NORTH AMETHYST G-25 2,JEANNE D'ARC BASIN,,46.740276,-48.057033,5180291,724824,46.740181,-48.055936,5180502,724901,22
NORTH AMETHYST G-25 3,JEANNE D'ARC BASIN,,46.740537,-48.056965,5180320,724828,46.740442,-48.055867,5180531,724905,22
NORTH AMETHYST G-25 4,JEANNE D'ARC BASIN,,46.740586,-48.057131,5180325,724815,46.740492,-48.056033,5180536,724892,22
NORTH AMETHYST G-25 5,JEANNE D'ARC BASIN,,46.740321,-48.057198,5180295,724811,46.740226,-48.0561,5180506,724888,22
NORTH AMETHYST G-25 6,JEANNE D'ARC BASIN,,46.74067,-48.057464,5180333,724789,46.740575,-48.056366,5180544,724866,22
NORTH AMETHYST G-25 7,JEANNE D'ARC BASIN,,,,,,46.7402,-48.056008,5180504,724895,22
NORTH AMETHYST G-25 8,JEANNE D'ARC BASIN,,,,,,46.740244,-48.056172,5180508,724883,22
NORTH AMETHYST G-25 9,JEANNE D'ARC BASIN,,,,,,46.740339,-48.056503,5180518,724857,22
NORTH AMETHYST G-25 9Z,JEANNE D'ARC BASIN,,,,,,46.740339,-48.056503,5180518,724857,22
NORTH AMETHYST H-14,JEANNE D'ARC BASIN,,,,,,46.723658,-48.025694,5178753,727281,22
NORTH AMETHYST K-15,JEANNE D'ARC BASIN,,46.745248,-48.040098,5180892,726097,46.745153,-48.038999,5181103,726174,22
NORTH BEN NEVIS M-61,JEANNE D'ARC BASIN,,46.68155,-48.42183,5172787,697171,46.681456,-48.420747,5172998,697248,22
NORTH BEN NEVIS P-93,JEANNE D'ARC BASIN,,46.71336,-48.47618,5176187,692901,46.713269,-48.475092,5176398,692978,22
NORTH DANA I-43,OUTER RIDGE COMPLEX,,47.21211,-47.6035,5231805,302851,47.212008,-47.602386,5232010,302941,23
NORTH TRINITY H-71,JEANNE D'ARC BASIN,,46.50658,-48.42648,5153334,697450,46.506486,-48.42545,5153545,697523,22
OSPREY H-84,CARSON BASIN,,44.72466,-49.45637,4953306,622247,44.724667,-49.455247,4953526,622332,22
PANTHER P-52,OUTER RIDGE COMPLEX,,47.0315,-47.62883,5211800,300258,47.031392,-47.627725,5212004,300348,23
PELICAN J-49,WHALE BASIN,,45.47644,-52.61159,5036925,374036,45.476439,-52.610619,5037141,374115,22
PETREL A-62,SCOTIAN BASIN,SOUTH WHALE SUBBASIN,44.85175,-52.9043,4968029,349521,44.851764,-52.903289,4968246,349605,22
PHALAROPE P-62,WHALE BASIN,,45.19701,-51.404,5004698,468267,45.196986,-51.402925,5004912,468352,22
PORT AU PORT J-97,JEANNE D'ARC BASIN,,46.27725,-48.73498,5127128,674511,46.277267,-48.733922,5127350,674587,22
PORTUGAL COVE E-38,FLEMISH PASS BASIN,,,,,,47.955928,-46.345681,5312278,399534,23
PUFFIN B-90,SCOTIAN BASIN,SOUTH WHALE SUBBASIN,44.65354,-53.70787,4947815,285289,44.653569,-53.706897,4948032,285372,22
RANKIN M-36,JEANNE D'ARC BASIN,,46.59627,-48.84896,5162330,664765,46.596186,-48.847889,5162541,664842,22
RAZORBILL F-54,WHALE BASIN,,45.22359,-52.13957,5008203,410532,45.223564,-52.138503,5008416,410618,22
RIVERHEAD N-18,JEANNE D'ARC BASIN,,46.298688,-48.792976,5129384,669976,46.298602,-48.791909,5129595,670054,22
SANDPIPER 2J-77,WHALE BASIN,,45.61092,-51.68349,5050829,446704,45.610875,-51.682419,5051041,446790,22
SANDPIPER J-77,WHALE BASIN,,45.61068,-51.68387,5050803,446675,45.610633,-51.682806,5051014,446759,22
SEARCHER C-87,JEANNE D'ARC BASIN,,,,,,46.60393,-47.965015,5165423,272928,23
SHEARWATER J-20,SCOTIAN BASIN,SOUTH WHALE SUBBASIN,44.49339,-52.78148,4928002,358356,44.493392,-52.780386,4928217,358447,22
SITKA O-02,FLEMISH PASS BASIN,,,,,,47.862431,-46.757061,5302505,368585,23
SKUA E-41,CARSON BASIN,,45.33979,-48.87396,5022679,666576,45.33975,-48.872858,5022894,666657,22
SOUTH BROOK N-30,JEANNE D'ARC BASIN,,46.33136,-48.56802,5133521,687190,46.331269,-48.566944,5133732,687267,22
SOUTH MARA C-13,JEANNE D'ARC BASIN,,46.700297,-48.53879,5174584,688161,46.700208,-48.537703,5174795,688239,22
SOUTH MERASHEEN K-55,OUTER RIDGE COMPLEX,,47.07811,-47.88966,5217678,280632,47.078014,-47.888553,5217883,280723,23
SOUTH NAUTILUS H-09,JEANNE D'ARC BASIN,,46.806978,-48.752282,5185949,671501,46.806889,-48.751203,5186160,671578,22
SOUTH TEMPEST G-88,JEANNE D'ARC BASIN?,,47.1222,-47.95847,5222773,275594,47.122103,-47.957358,5222977,275685,23
SPOONBILL C-30,JEANNE D'ARC BASIN,,45.81846,-49.06838,5075474,650062,45.818403,-49.067308,5075687,650141,22
SPRINGDALE M-29,JEANNE D'ARC BASIN,,46.47995,-48.3245,5150636,705374,46.479858,-48.323419,5150846,705451,22
ST. GEORGE J-55,CARSON BASIN,,45.7445,-48.38455,5068770,703455,45.744439,-48.38345,5068983,703535,22
TERN A-68,SCOTIAN BASIN,SOUTH WHALE SUBBASIN,44.45372,-53.15023,4924301,328921,44.453744,-53.149192,4924518,329008,22
TERRA NOVA C-09,JEANNE D'ARC BASIN,,46.46933,-48.51633,5148975,690687,46.469239,-48.515253,5149185,690764,22
TERRA NOVA C-69 1,JEANNE D'ARC BASIN,,46.468221,-48.417813,5149094,698254,46.468131,-48.416731,5149305,698332,22
TERRA NOVA C-69 2,JEANNE D'ARC BASIN,,46.468073,-48.417424,5149078,698285,46.467983,-48.416342,5149289,698362,22
TERRA NOVA C-69 2Z,JEANNE D'ARC BASIN,,46.468073,-48.417424,5149078,698285,46.467983,-48.416342,5149289,698362,22
TERRA NOVA C-69 3,JEANNE D'ARC BASIN,,,,,,46.468175,-48.416453,5149310,698353,22
TERRA NOVA E-19,JEANNE D'ARC BASIN,,,,,,46.471933,-48.543797,5149416,688563,22
TERRA NOVA E-79,JEANNE D'ARC BASIN,,46.47469,-48.44675,5149740,696009,46.4746,-48.445667,5149951,696087,22
TERRA NOVA F-100 1,JEANNE D'ARC BASIN,,46.490667,-48.487661,5151415,692812,46.490578,-48.486581,5151626,692890,22
TERRA NOVA F-100 2,JEANNE D'ARC BASIN,,46.490656,-48.487533,5151414,692822,46.490567,-48.486453,5151625,692899,22
TERRA NOVA F-100 3,JEANNE D'ARC BASIN,,,,,,46.490589,-48.486447,5151627,692900,22
TERRA NOVA F-100 4,JEANNE D'ARC BASIN,,46.490701,-48.487653,5151419,692813,46.490611,-48.486572,5151629,692890,22
TERRA NOVA F-88 1,JEANNE D'ARC BASIN,,46.455623,-48.462589,5147583,694861,46.455533,-48.461508,5147793,694939,22
TERRA NOVA F-88 1Z,JEANNE D'ARC BASIN,,46.455623,-48.462589,5147583,694861,46.455533,-48.461508,5147793,694939,22
TERRA NOVA F-88 2,JEANNE D'ARC BASIN,,,,,,46.455558,-48.461631,5147796,694929,22
TERRA NOVA F-88 3,JEANNE D'ARC BASIN,,46.455617,-48.462725,5147582,694851,46.455528,-48.461644,5147793,694928,22
TERRA NOVA F-88 4,JEANNE D'ARC BASIN,,46.45559,-48.462603,5147579,694861,46.455501,-48.461522,5147790,694938,22
TERRA NOVA G-90 1,JEANNE D'ARC BASIN,,46.48937,-48.461431,5151335,694830,46.48928,-48.46035,5151546,694907,22
TERRA NOVA G-90 2,JEANNE D'ARC BASIN,,,,,,46.489364,-48.460617,5151555,694886,22
TERRA NOVA G-90 2W,JEANNE D'ARC BASIN,,46.48944,-48.461671,5151342,694811,46.48935,-48.46059,5151553,694889,22
TERRA NOVA G-90 2X,JEANNE D'ARC BASIN,,46.48944,-48.461671,5151342,694811,46.48935,-48.46059,5151553,694889,22
TERRA NOVA G-90 2Y,JEANNE D'ARC BASIN,,46.48944,-48.461671,5151342,694811,46.48935,-48.46059,5151553,694889,22
TERRA NOVA G-90 2Z,JEANNE D'ARC BASIN,,46.48944,-48.461671,5151342,694811,46.48935,-48.46059,5151553,694889,22
TERRA NOVA G-90 3,JEANNE D'ARC BASIN,,,,,,46.489364,-48.460478,5151555,694897,22
TERRA NOVA G-90 4,JEANNE D'ARC BASIN,,,,,,46.489336,-48.460281,5151552,694912,22
TERRA NOVA G-90 4Z,JEANNE D'ARC BASIN,,,,,,46.489336,-48.460278,5151552,694913,22
TERRA NOVA G-90 5,JEANNE D'ARC BASIN,,46.489423,-48.461578,5151341,694818,46.489333,-48.460497,5151552,694896,22
TERRA NOVA G-90 5Y,JEANNE D'ARC BASIN,,46.489423,-48.461578,5151341,694818,46.489333,-48.460497,5151552,694896,22
TERRA NOVA G-90 5Z,JEANNE D'ARC BASIN,,46.489423,-48.461578,5151341,694818,46.489333,-48.460497,5151552,694896,22
TERRA NOVA G-90 6,JEANNE D'ARC BASIN,,46.489379,-48.461317,5151336,694839,46.489289,-48.460236,5151547,694916,22
TERRA NOVA G-90 6Z,JEANNE D'ARC BASIN,,46.489379,-48.461317,5151336,694839,46.489289,-48.460236,5151547,694916,22
TERRA NOVA G-90 7,JEANNE D'ARC BASIN,,46.489349,-48.461339,5151333,694837,46.489259,-48.460258,5151544,694914,22
TERRA NOVA G-90 8,JEANNE D'ARC BASIN,,46.489418,-48.461437,5151340,694829,46.489328,-48.460356,5151551,694907,22
TERRA NOVA G-90 9,JEANNE D'ARC BASIN,,46.489487,-48.461681,5151348,694810,46.489397,-48.4606,5151558,694888,22
TERRA NOVA H-99,JEANNE D'ARC BASIN,,46.47483,-48.48056,5149673,693413,46.474742,-48.479478,5149884,693491,22
TERRA NOVA I-66,JEANNE D'ARC BASIN,,46.427381,-48.401542,5144597,699653,46.427291,-48.40046,5144808,699730,22
TERRA NOVA I-97,JEANNE D'ARC BASIN,,46.44519,-48.4804,5146380,693531,46.4451,-48.479319,5146590,693608,22
TERRA NOVA K-07,JEANNE D'ARC BASIN,,46.44543,-48.51604,5146320,690792,46.445347,-48.514967,5146531,690869,22
TERRA NOVA K-08,JEANNE D'ARC BASIN,,46.45878,-48.51656,5147802,690706,46.458689,-48.515478,5148012,690783,22
TERRA NOVA K-17,JEANNE D'ARC BASIN,,46.44542,-48.54213,5146256,688789,46.445331,-48.541053,5146467,688866,22
TERRA NOVA K-18,JEANNE D'ARC BASIN,,46.46223,-48.54211,5148124,688732,46.462147,-48.541028,5148335,688810,22
TERRA NOVA L-98 1,JEANNE D'ARC BASIN,,,,,,46.461744,-48.497531,5148395,692151,22
TERRA NOVA L-98 10,JEANNE D'ARC BASIN,,46.461764,-48.498382,5148177,692091,46.461675,-48.497303,5148388,692169,22
TERRA NOVA L-98 11,JEANNE D'ARC BASIN,,46.4618,-48.498627,5148181,692072,46.461711,-48.497547,5148392,692150,22
TERRA NOVA L-98 11Y,JEANNE D'ARC BASIN,,46.4618,-48.498627,5148181,692072,46.461711,-48.497547,5148392,692150,22
TERRA NOVA L-98 11Z,JEANNE D'ARC BASIN,,46.4618,-48.498627,5148181,692072,46.461711,-48.497547,5148392,692150,22
TERRA NOVA L-98 12,JEANNE D'ARC BASIN,,,,,,46.461747,-48.497956,5148395,692118,22
TERRA NOVA L-98 12Z,JEANNE D'ARC BASIN,,,,,,46.461747,-48.497956,5148395,692118,22
TERRA NOVA L-98 13,JEANNE D'ARC BASIN,,,,,,46.461514,-48.497217,5148371,692176,22
TERRA NOVA L-98 14,JEANNE D'ARC BASIN,,,,,,46.461897,-48.497858,5148412,692125,22
TERRA NOVA L-98 14Y,JEANNE D'ARC BASIN,,,,,,46.461897,-48.497858,5148412,692125,22
TERRA NOVA L-98 14Z,JEANNE D'ARC BASIN,,,,,,46.461897,-48.497858,5148412,692125,22
TERRA NOVA L-98 15,JEANNE D'ARC BASIN,,,,,,46.461606,-48.497683,5148380,692140,22
TERRA NOVA L-98 1Y,JEANNE D'ARC BASIN,,,,,,46.461719,-48.49755,5148393,692149,22
TERRA NOVA L-98 1Z,JEANNE D'ARC BASIN,,46.461809,-48.498629,5148182,692072,46.46172,-48.49755,5148393,692149,22
TERRA NOVA L-98 2,JEANNE D'ARC BASIN,,,,,,46.461681,-48.497428,5148389,692159,22
TERRA NOVA L-98 3,JEANNE D'ARC BASIN,,46.461709,-48.498269,5148172,692100,46.46162,-48.49719,5148382,692177,22
TERRA NOVA L-98 4,JEANNE D'ARC BASIN,,,,,,46.461767,-48.497664,5148398,692140,22
TERRA NOVA L-98 5,JEANNE D'ARC BASIN,,,,,,46.461606,-48.497206,5148381,692176,22
TERRA NOVA L-98 6,JEANNE D'ARC BASIN,,,,,,46.461644,-48.497322,5148385,692167,22
TERRA NOVA L-98 6Z,JEANNE D'ARC BASIN,,46.461734,-48.498402,5148174,692090,46.461645,-48.497323,5148385,692167,22
TERRA NOVA L-98 7,JEANNE D'ARC BASIN,,,,,,46.461772,-48.497803,5148398,692130,22
TERRA NOVA L-98 7X,JEANNE D'ARC BASIN,,,,,,46.461772,-48.497803,5148398,692130,22
TERRA NOVA L-98 7Y,JEANNE D'ARC BASIN,,,,,,46.461772,-48.497803,5148398,692130,22
TERRA NOVA L-98 7Z,JEANNE D'ARC BASIN,,,,,,46.461772,-48.497803,5148398,692130,22
TERRA NOVA L-98 8,JEANNE D'ARC BASIN,,46.461825,-48.498763,5148183,692062,46.461736,-48.497683,5148394,692139,22
TERRA NOVA L-98 9,JEANNE D'ARC BASIN,,46.461803,-48.498491,5148181,692083,46.461714,-48.497411,5148392,692160,22
THORVALD P-24,JEANNE D'ARC BASIN,,,,,,46.898808,-48.803011,5196262,667340,22
TIGER'S EYE D-17,JEANNE D'ARC BASIN,,,,,,46.603071,-48.044849,5165299,726320,22
TORS COVE D-52,SCOTIAN BASIN,SOUTH WHALE SUBBASIN,44.18722,-52.395,4893397,388506,44.187239,-52.393894,4893614,388598,22
TRAVE E-87,JEANNE D'ARC BASIN?,,46.93821,-47.96937,5202360,273992,46.938114,-47.968269,5202564,274082,23
TREPASSEY J-91,JEANNE D'ARC BASIN,,,,,,46.676297,-47.982628,5173515,271884,23
TUCKAMORE B-27,FLEMISH PASS BASIN,,47.434942,-46.809633,5254868,363540,47.434825,-46.808511,5255072,363628,23
TWILLICK G-49,AVALON UPLIFT,SOUTH BANK HIGH,44.30711,-51.35892,4905830,471372,44.307131,-51.357808,4906048,471461,22
VOYAGER J-18,JEANNE D'ARC BASIN?,,46.45903,-48.28347,5148419,708603,46.458936,-48.282383,5148629,708681,22
WEST BEN NEVIS B-75,JEANNE D'ARC BASIN,,46.567011,-48.43431,5160029,696631,46.566919,-48.433222,5160240,696708,22
WEST BONNE BAY C-23,JEANNE D'ARC BASIN,,46.537197,-48.317438,5157015,705700,46.537044,-48.316353,5157219,705777,22
WEST BONNE BAY F-12,JEANNE D'ARC BASIN,,46.522908,-48.292155,5155493,707693,46.522817,-48.291068,5155704,707770,22
WEST BONNE BAY F-12Z,JEANNE D'ARC BASIN,,46.522908,-48.292155,5155493,707693,46.522817,-48.291068,5155704,707770,22
WEST FLYING FOAM L-23,JEANNE D'ARC BASIN,,47.04547,-48.82145,5212302,665487,47.045414,-48.820311,5212516,665569,22
WHITEROSE A-17,JEANNE D'ARC BASIN,,46.768919,-48.029185,5183554,726831,46.768824,-48.028086,5183764,726908,22
WHITEROSE A-24,JEANNE D'ARC BASIN,,,,,,46.8858,-48.052033,5196693,724592,22
WHITEROSE A-78,JEANNE D'ARC BASIN,,,,,,46.787292,-48.178625,5185393,715341,22
WHITEROSE A-90,JEANNE D'ARC BASIN,,46.81977,-47.95502,5189158,274588,46.819678,-47.953922,5189363,274678,23
WHITEROSE B-07 1,JEANNE D'ARC BASIN,,,,,,46.770642,-48.010681,5184017,728229,22
WHITEROSE B-07 10,JEANNE D'ARC BASIN,,,,,,46.770322,-48.010322,5183982,728258,22
WHITEROSE B-07 10Z,JEANNE D'ARC BASIN,,,,,,46.770322,-48.010322,5183982,728258,22
WHITEROSE B-07 11,JEANNE D'ARC BASIN,,,,,,46.770528,-48.010047,5184006,728278,22
WHITEROSE B-07 2,JEANNE D'ARC BASIN,,,,,,46.770553,-48.010117,5184009,728273,22
WHITEROSE B-07 3,JEANNE D'ARC BASIN,,,,,,46.770308,-48.010247,5183981,728264,22
WHITEROSE B-07 4,JEANNE D'ARC BASIN,,46.770487,-48.011752,5183778,728155,46.770392,-48.010653,5183989,728232,22
WHITEROSE B-07 5,JEANNE D'ARC BASIN,,,,,,46.770578,-48.010186,5184011,728267,22
WHITEROSE B-07 6,JEANNE D'ARC BASIN,,46.770529,-48.011897,5183782,728144,46.770433,-48.010797,5183993,728221,22
WHITEROSE B-07 7,JEANNE D'ARC BASIN,,,,,,46.770397,-48.010728,5183989,728227,22
WHITEROSE B-07 8,JEANNE D'ARC BASIN,,,,,,46.770622,-48.010608,5184015,728235,22
WHITEROSE B-07 9,JEANNE D'ARC BASIN,,46.770701,-48.011636,5183802,728163,46.770606,-48.010536,5184013,728240,22
WHITEROSE B-19,JEANNE D'ARC BASIN,,46.803211,-48.034842,5187347,726255,46.803116,-48.033742,5187558,726332,22
WHITEROSE B-19Z,JEANNE D'ARC BASIN,,46.803211,-48.034842,5187347,726255,46.803116,-48.033742,5187558,726332,22
WHITEROSE C-30,JEANNE D'ARC BASIN,,46.818842,-48.068176,5188989,723647,46.818747,-48.067077,5189200,723724,22
WHITEROSE C-30Z,JEANNE D'ARC BASIN,,46.818842,-48.068176,5188989,723647,46.818747,-48.067077,5189200,723724,22
WHITEROSE E-09,JEANNE D'ARC BASIN,,46.80729,-48.02296,5187835,727144,46.807194,-48.021858,5188046,727222,22
WHITEROSE E-18 1,JEANNE D'ARC BASIN,,,,,,46.789356,-48.043961,5186000,725610,22
WHITEROSE E-18 10,JEANNE D'ARC BASIN,,,,,,46.789446,-48.043553,5186011,725641,22
WHITEROSE E-18 11,JEANNE D'ARC BASIN,,,,,,46.789336,-48.043886,5185998,725616,22
WHITEROSE E-18 13,JEANNE D'ARC BASIN,,,,,,46.789372,-48.043331,5186004,725658,22
WHITEROSE E-18 14,JEANNE D'ARC BASIN,,,,,,46.789142,-48.043489,5185978,725647,22
WHITEROSE E-18 2,JEANNE D'ARC BASIN,,46.789281,-48.04474,5185771,725558,46.789186,-48.043636,5185982,725636,22
WHITEROSE E-18 3,JEANNE D'ARC BASIN,,46.789687,-48.045002,5185816,725536,46.789592,-48.043903,5186026,725614,22
WHITEROSE E-18 4,JEANNE D'ARC BASIN,,46.789259,-48.044663,5185769,725564,46.789164,-48.043564,5185980,725641,22
WHITEROSE E-18 5,JEANNE D'ARC BASIN,,,,,,46.789378,-48.044033,5186002,725605,22
WHITEROSE E-18 6,JEANNE D'ARC BASIN,,,,,,46.789425,-48.043478,5186009,725647,22
WHITEROSE E-18 6Z,JEANNE D'ARC BASIN,,,,,,46.789425,-48.043478,5186009,725647,22
WHITEROSE E-18 7,JEANNE D'ARC BASIN,,46.789668,-48.043816,5185817,725627,46.789573,-48.043828,5186025,725619,22
WHITEROSE E-18 8,JEANNE D'ARC BASIN,,46.789498,-48.044508,5185796,725575,46.789403,-48.043409,5186007,725652,22
WHITEROSE E-18 9,JEANNE D'ARC BASIN,,,,,,46.789556,-48.043756,5186023,725625,22
WHITEROSE E-28,JEANNE D'ARC BASIN,,46.789309,-48.074289,5185690,723303,46.789214,-48.073191,5185901,723380,22
WHITEROSE F-04,JEANNE D'ARC BASIN,,,,,,46.721589,-48.012314,5178562,728312,22
WHITEROSE F-04Z,JEANNE D'ARC BASIN,,,,,,46.721589,-48.012314,5178562,728312,22
WHITEROSE H-20,JEANNE D'ARC BASIN,,46.824943,-48.028346,5189781,726659,46.824847,-48.027244,5189992,726737,22
WHITEROSE H-70,JEANNE D'ARC BASIN,,,,,,46.824714,-48.151703,5189625,717245,22
WHITEROSE H-70Z,JEANNE D'ARC BASIN,,,,,,46.824714,-48.151703,5189625,717245,22
WHITEROSE J-05 1,JEANNE D'ARC BASIN,,,,,,46.743969,-48.011117,5181052,728309,22
WHITEROSE J-05 2,JEANNE D'ARC BASIN,,,,,,46.744087,-48.010487,5181067,728356,22
WHITEROSE J-05 3,JEANNE D'ARC BASIN,,,,,,46.744109,-48.011659,5181066,728267,22
WHITEROSE J-05 4,JEANNE D'ARC BASIN,,,,,,46.743875,-48.010692,5181043,728341,22
WHITEROSE J-05 5,JEANNE D'ARC BASIN,,,,,,46.744064,-48.010278,5181065,728372,22
WHITEROSE J-05 6,JEANNE D'ARC BASIN,,,,,,46.743831,-48.010547,5181038,728353,22
WHITEROSE J-05 7,JEANNE D'ARC BASIN,,,,,,46.743853,-48.010619,5181040,728347,22
WHITEROSE J-22 1,JEANNE D'ARC BASIN,,,,,,46.860769,-48.061219,5193886,723996,22
WHITEROSE J-22 2,JEANNE D'ARC BASIN,,,,,,46.861006,-48.061089,5193912,724005,22
WHITEROSE J-22 3,JEANNE D'ARC BASIN,,46.861117,-48.062265,5193703,723922,46.861021,-48.061166,5193914,723999,22
WHITEROSE J-49,JEANNE D'ARC BASIN,,46.80869,-48.10764,5187749,720678,46.8086,-48.106544,5187960,720755,22
WHITEROSE K-03,JEANNE D'ARC BASIN,,46.879184,-48.018423,5195837,727187,46.879088,-48.017321,5196047,727264,22
WHITEROSE L-08,JEANNE D'ARC BASIN,,,,,,46.791844,-48.02227,5186339,727255,22
WHITEROSE L-61,JEANNE D'ARC BASIN,,46.842811,-48.174539,5191355,715438,46.842717,-48.173442,5191565,715515,22
WHITEROSE N-22,JEANNE D'ARC BASIN,,46.86333,-48.0657,5193939,723651,46.863236,-48.064597,5194150,723728,22
WHITEROSE N-30,JEANNE D'ARC BASIN,,,,,,46.830486,-48.062611,5190517,724016,22
WHITEROSE O-28,JEANNE D'ARC BASIN,,46.796163,-48.059031,5186495,724439,46.796068,-48.057933,5186706,724516,22
WHITEROSE O-28X,JEANNE D'ARC BASIN,,46.796163,-48.059031,5186495,724439,46.796068,-48.057933,5186706,724516,22
WHITEROSE O-28Y,JEANNE D'ARC BASIN,,46.796163,-48.059031,5186495,724439,46.796068,-48.057933,5186706,724516,22
WHITEROSE O-28Z,JEANNE D'ARC BASIN,,46.796163,-48.059031,5186495,724439,46.796068,-48.057933,5186706,724516,22
